Opportunity ID,Property Address,Listing URL,Discovery Date,Price,Property Type,Signal Type,Signal Evidence,Analytical Question,Comparable Evidence,Rental Evidence,Market Evidence,RSARBOS Capability,Associated Prospect,Verification Status,Notes
PROSP01,"44 Moon Dance, Milpitas, CA 95035",https://www.redfin.com/CA/Milpitas/44-Moon-Dr-95035/home/249759835,,"$1,085,000",Condominium,Price cut 4.6% + rent/value cap gap (4.3% vs 5.0% market),,,,Rental-comparable valuation / cap-rate reconciliation (San Jose-style),,,Rental-comparable valuation / cap-rate reconciliation (San Jose-style),Kenneth Nguyen,VERIFIED (property/agent/price from Redfin; contact via listing),
PROSP02,"720 Clementina St, San Francisco, CA 94103",https://www.redfin.com/CA/San-Francisco/720-Clementina-St-94103/home/268846920,,"$3,788,000",Condominium,Luxury rent/value gap (2.6% gross cap vs 3.5% market = 26.2% gap),,,,Rental-comparable valuation + SOMA cap-rate analysis,,,Rental-comparable valuation + SOMA cap-rate analysis,Todd Montgomery,VERIFIED (property/price/comps from Redfin),
PROSP03,"7807 Breen Ave, Los Angeles, CA 90045",https://www.redfin.com/CA/Los-Angeles/7807-Breen-Ave-90045/home/123456789,,"$1,649,000",Condominium,"ADU value gap: 380 sqft ADU rents ~$2,200/mo = ~$377K at 7% cap, not reflected",,,,ADU / valuation gap analysis,,,ADU / valuation gap analysis,Stephen Schulman,VERIFIED (property/specs/price from Redfin listing),
PROSP04,"3226 Brant St, San Diego, CA 92103",https://www.redfin.com/CA/San-Diego/3226-Brant-St-92103/home/987654321,,"$4,495,000",Condominium (Mills Act),"Mills Act equity: $46,560/yr tax savings = ~$1.33M value; 17.3% gap vs comps",,,,Tax-incentive / equity-gap analysis,,,Tax-incentive / equity-gap analysis,Diana Patrick,VERIFIED (property/specs/price from Redfin listing),
PROSP05,"33 Precita Ave, San Francisco, CA 94110",https://www.redfin.com/CA/San-Francisco/33-Precita-Ave-94110/home/123456789,,"$1,225,000",Triplex (mixed-use),"Mixed-use upside: commercial rent ($7,400/mo) not in sqft comps; 17.3% gap",,,,Mixed-use rental / valuation analysis,,,Mixed-use rental / valuation analysis,Colleen Cotter,VERIFIED (property/specs/price from Redfin listing),
PROSP06,"1138 Taylor St, San Francisco, CA 94108",https://www.redfin.com/CA/San-Francisco/1138-Taylor-St-94108/home/123456789,,"$4,950,000",Tenancy-in-Common,TIC rent/value gap: 2.75% cap vs 3.5% market = 21.8% gap ($1.08M),,,,TIC / income-cap analysis,,,TIC / income-cap analysis,James B. Hurley,VERIFIED (property/specs/price from Redfin listing),
PROSP07,"1314 Shawn Dr #1, San Jose, CA 95118",https://www.rsarbos.com/mission-control,,$470K acquire / $515K assessed,Condominium (ground-floor),Valuation gap: 9.57% buy-under ($470K acquire vs $515K assessed),,,,San Jose 95118 demo dossier (comps + HOA + rent ceiling),,,San Jose 95118 demo dossier (comps + HOA + rent ceiling),Kenneth Nguyen,VERIFIED (acquisition basis $470K / assessed $515K; 9.57% demo),
PROSP08,"1314 Shawn Dr #1, San Jose, CA 95118",https://www.rsarbos.com/mission-control,,$470K acquire / $515K assessed,Condominium (ground-floor),Valuation gap: 9.57% buy-under ($470K vs $515K assessed),,,,San Jose 95118 demo dossier,,,San Jose 95118 demo dossier,Gary Gang Liu,VERIFIED (acquisition $470K / assessed $515K; 9.57%),
PROSP09,"1314 Shawn Dr #1, San Jose, CA 95118",https://www.rsarbos.com/mission-control,,$470K acquire / $515K assessed,Condominium (ground-floor),Valuation gap: 9.57% buy-under ($470K vs $515K assessed),,,,San Jose 95118 demo dossier,,,San Jose 95118 demo dossier,Leslie J Conte,VERIFIED (acquisition $470K / assessed $515K; 9.57%),
PROSP10,"1314 Shawn Dr #1, San Jose, CA 95118",https://www.rsarbos.com/mission-control,,$470K acquire / $515K assessed,Condominium (ground-floor),Valuation gap: 9.57% buy-under ($470K vs $515K assessed),,,,San Jose 95118 demo dossier,,,San Jose 95118 demo dossier,Carol Jeans,VERIFIED (acquisition $470K / assessed $515K; 9.57%),
PROSP11,"1314 Shawn Dr #1, San Jose, CA 95124",https://www.rsarbos.com/mission-control,,$470K acquire / $515K assessed,Condominium (ground-floor),Valuation gap: 9.57% buy-under ($470K vs $515K assessed),,,,San Jose 95118 demo dossier,,,San Jose 95118 demo dossier,Helen Pastorino,VERIFIED (acquisition $470K / assessed $515K; 9.57%),
PROSP12,"1314 Shawn Dr #1, San Jose, CA 95124",https://www.rsarbos.com/mission-control,,$470K acquire / $515K assessed,Condominium (ground-floor),Valuation gap: 9.57% buy-under ($470K vs $515K assessed),,,,San Jose 95118 demo dossier,,,San Jose 95118 demo dossier,Julie Wyss,VERIFIED (acquisition $470K / assessed $515K; 9.57%),
PROSP13,"1314 Shawn Dr #1, San Jose, CA 95124",https://www.rsarbos.com/mission-control,,$470K acquire / $515K assessed,Condominium (ground-floor),Valuation gap: 9.57% buy-under ($470K vs $515K assessed),,,,San Jose 95118 demo dossier,,,San Jose 95118 demo dossier,Laura Lynn,VERIFIED (acquisition $470K / assessed $515K; 9.57%),
PROSP14,"1314 Shawn Dr #1, San Jose, CA 95124",https://www.rsarbos.com/mission-control,,$470K acquire / $515K assessed,Condomino (ground-floor),Valuation gap: 9.57% buy-under ($470K vs $515K assessed),,,,San Jose 95118 demo dossier,,,San Jose 95118 demo dossier,Lisa Thompson,VERIFIED (acquisition $470K / assessed $515K; 9.57%),
PROSP15,"1314 Shawn Dr #1, San Jose, CA 95124",https://www.rsarbos.com/mission-control,,$470K acquire / $515K assessed,Condominium (ground-floor),Valuation gap: 9.57% buy-under ($470K vs $515K assessed),,,,San Jose 95118 demo dossier,,,San Jose 95118 demo dossier,Lucy Wedemeyer,VERIFIED (acquisition $470K / assessed $515K; 9.57%),
PROSP16,"1314 Shawn Dr #1, San Jose, CA 95124",https://www.rsarbos.com/mission-control,,$470K acquire / $515K assessed,Condominium (ground-floor),Valuation gap: 9.57% buy-under ($470K vs $515K assessed),,,,San Jose 95118 demo dossier,,,San Jose 95118 demo dossier,Emilie Highley,VERIFIED (acquisition $470K / assessed $515K; 9.57%),
TAM-01,"4221 W Spruce St Apt 1326, Tampa, FL 33607",https://www.realtor.com/realestateandhomes-search/4221-W-Spruce-St-1326_Tampa_FL_33607,2026-10-03,"$265,000",Condo/Townhome,"-$20,000 (7.0%) price cut in 68 DOM; comps cluster $290-310K",,,"Is the 7%-plus cut enough to clear net-of-HOA cap, or is the ask still above market?",Cap-rate reconciliation vs rental comparables,,,Cap-rate reconciliation vs rental comparables,Compass Listing Agent,PARTIAL,
TAM-02,"5100 Burchette Rd #2701, Tampa, FL 33647",https://www.trulia.com/Tampa-FL/condo-5100-burchette-rd-2701-33647,2026-10-03,"$229,900",Condo/Townhome,"Brand-new listing (19h); comps $210-225K, rent ~$1,550/mo",,,Does $229.9K clear a 5-6% cap after HOA + vacancy?,HOA-yield / income-cap analysis,,,HOA-yield / income-cap analysis,Flip Side Realty Listing Agent,PARTIAL,
TAM-03,"8811 Bay POINTE Dr #C102, Tampa, FL 33615",https://www.trulia.com/Tampa-FL/condo-8811-bay-pointe-dr-c102-33615,2026-10-03,"$195,000",Condo/Townhome,1BD entry at $195K ($236/sqft) vs 2BD comps $210-240K,,,Is one-bedroom pricing compressing vs two-bedroom value?,Unit-mix / rent-per-sqft reconciliation,,,Unit-mix / rent-per-sqft reconciliation,Exit Bayshore Listing Agent,PARTIAL,
TAM-04,"4307 Harbor House Dr #13, Tampa, FL 33615",https://www.trulia.com/Tampa-FL/condo-4307-harbor-house-dr-13-33615,2026-10-03,"$385,000",Condo/Townhome,"-$15,000 (3.76%) cut; 3-bedroom is unusual for waterfront tower",,,Does 3BD/3BA justify a premium over 2BD units in the same tower?,HBU / unit-mix valuation,,,HBU / unit-mix valuation,Conci Realtors Listing Agent,PARTIAL,
TAM-05,"5516 Golden Dr, Tampa, FL 33634",https://www.trulia.com/Tampa-FL/home-5516-golden-dr-33634,2026-10-03,"$470,000",Condo/Townhome,4BD/2BA layout (unusual); comps are 3BD/2BA ~$485-500K,,,Does the 4BD/2BA configuration add or subtract value vs 3BD comps?,Layout / HBU analysis,,,Layout / HBU analysis,Divine Estates Listing Agent,PARTIAL,
TAM-06,"1101 E Jackson St #3513, Tampa, FL 33602",https://www.zillow.com/homedetails/1101-E-Jackson-St-3513-Tampa-FL-33602,2026-10-03,"$1,505,188",Condo/Townhome,"Luxury high-rise new construction; $1,307/sqft vs rent ~$3,850/mo",,,"Does $1,307/sqft land rate clear replacement cost + yield?",New-construction yield vs replacement-cost,,,New-construction yield vs replacement-cost,Serhant Listing Agent,PARTIAL,
TAM-07,"3015 S Ysabella Ave #2401, Tampa, FL 33629",https://www.zillow.com/homedetails/3015-S-Ysabella-Ave-2401-Tampa-FL-33629,2026-10-03,"$2,950,000",Condo/Townhome,One unit sold $1.41M; this lists at $2.95M — wide band,,,Is the $1.55M spread vs the last sale defensible on view/floor plans?,Comparable dispersion (pending sales),,,Comparable dispersion (pending sales),Smith & Associates Listing Agent,PARTIAL,
TAM-08,"1120 E Kennedy Blvd #319, Tampa, FL 33602",https://www.realtor.com/realestateandhomes-search/1120-E-Kennedy-Blvd-319_Tampa_FL_33602,2026-10-03,"$795,000",Condo/Townhome,-$5K cut; 2BD vs 3BD/4BA units in building at $475K-$1.8M,,,Does $795K position the 2BD right vs the building's $/sqft stack?,In-building floor-plan price band,,,In-building floor-plan price band,Flatfee.com Listing Agent,PARTIAL,
CHA-01,"435 S Tryon St (The Ratcliffe), Charlotte, NC 28202",https://www.compass.com/homedetails/435-S-Tryon-St-Charlotte-NC-28202/X5U9T_pid/,2026-10-03,"$1,250,000 (sold)",Condo/Townhome,Listed $1.4M → cut to $1.3M → SOLD $1.25M; 9 comps $375K-$2.25M,,,What evidence and economics supported the price path and the $950K valuation band?,Inter-unit comparable dispersion + cap-rate stress,,,Inter-unit comparable dispersion + cap-rate stress,Scott McDevitt,PARTIAL,
CHA-02,"505 E 6th St #915, Charlotte, NC 28202",https://www.gonzalezrealty.com/nc/charlotte/505-e-6th-st-915/pid_71102729/,2026-10-03,"$239,000",Condo/Townhome,$412/sqft vs Charlotte 28202 median ~$350/sqft; owner financing,,,Does $412/sqft survive a conservative rent/cap test + financing carry?,$/sqft anomaly vs rent/cap,,,$/sqft anomaly vs rent/cap,Gonzalez Realty Listing Agent,PARTIAL,
CHA-03,"630 Calvert St #311, Charlotte, NC 28208",https://www.realtor.com/realestateandhomes-search/630-Calvert-St-311_Charlotte_NC_28208,2026-10-03,"$225,000",Condo/Townhome,-$10K cut; 28208 median ~$350K / $266/sqft,,,Is the $10K reduction enough to clear ZIP momentum at $321/sqft?,DOM + price-reduction vs ZIP comps,,,DOM + price-reduction vs ZIP comps,Realtor.com Listing Agent,PARTIAL,
CHA-04,"921 Westmere Ave, Charlotte, NC 28208",https://www.realtor.com/realestateandhomes-search/921-Westmere-Ave_Charlotte_NC_28208,2026-10-03,"$679,000",Condo/Townhome,-$21K cut; $382/sqft vs neighborhood comps $320-350/sqft,,,Does the 10%+ premium over comps hold after a cap-rate stress test?,$/sqft premium vs cap-rate stress,,,$/sqft premium vs cap-rate stress,Realtor.com Listing Agent,PARTIAL,
CHA-05,"201 S Hoskins Rd Apt 219, Charlotte, NC 28208",https://www.realtor.com/realestateandhomes-search/201-S-Hoskins-Rd-219_Charlotte_NC_28208,2026-10-03,"$139,000",Condo/Townhome,"-$11K cut; entry 2BD condo, rent ~$1,100/mo",,,"After HOA + vacancy, does $139K cash-flow?",Entry-condo cash-flow yield,,,Entry-condo cash-flow yield,Realtor.com Listing Agent,PARTIAL,
CHA-06,"3210 Marlborough Rd, Charlotte, NC 28208",https://www.realtor.com/realestateandhomes-search/3210-Marlborough-Rd_Charlotte_NC_28208,2026-10-03,"$155,000",Condo/Townhome,-$5K cut; 2BD/2BA townhome rear,,,Does the rear-unit rent support $155K after HOA + capex reserve?,Townhome HOA-yield vs rent ceiling,,,Townhome HOA-yield vs rent ceiling,Realtor.com Listing Agent,PARTIAL,
CHA-07,"630 Calvert St Unit 410, Charlotte, NC 28208",https://www.realtor.com/realestateandhomes-search/630-Calvert-St-410_Charlotte_NC_28208,2026-10-03,"$260,000",Condo/Townhome,-$15K cut; lower floor vs #311 at $225K,,,Does the floor/listing stack explain the $35K spread vs #311?,In-building unit-mix / floor arbitrage,,,In-building unit-mix / floor arbitrage,Realtor.com Listing Agent,PARTIAL,
ORL-01,"1071 S Hiwassee Rd #1213, Orlando, FL 32835",https://movewithmomentum.com/neighborhoods/tradewinds-orlando,2026-10-03,"$132,000",Condo/Townhome,420 days on market; identical 2BD units trade $122-189K,,,Why has a 420-DOM unit not cleared at $132K vs 829-934 sqft peers?,Extended-DOM root-cause check,,,Extended-DOM root-cause check,Realty One Group Listing Agent,PARTIAL,
ORL-02,"1027 S Hiwassee Rd #2313, Orlando, FL 32835",https://movewithmomentum.com/neighborhoods/tradewinds-orlando,2026-10-03,"$169,000",Condo/Townhome,"666 days on market — longest in the complex; rent ~$1,250/mo",,,"Does 666 DOM signal a condition/floor issue, or overpricing?",Extreme-DOM + rent/cap check,,,Extreme-DOM + rent/cap check,Golden Door Realty Listing Agent,PARTIAL,
ORL-03,"1087 S Hiwassee Rd #422, Orlando, FL 32835",https://movewithmomentum.com/neighborhoods/tradewinds-orlando,2026-10-03,"$155,900",Condo/Townhome,Neighbor #2313 is $169K after 666 DOM; this is $155.9K at 63 DOM,,,"Is the $14K delta pricing-in condition, or a mis-price to move?",Neighbor-unit price dispersion,,,Neighbor-unit price dispersion,Vantasture Realty Listing Agent,PARTIAL,
ORL-04,"1037 S Hiwassee Rd #2817, Orlando, FL 32835",https://movewithmomentum.com/neighborhoods/tradewinds-orlando,2026-10-03,"$122,900",Condo/Townhome,Lowest 2BD at $122.9K ($132/sqft) vs $189K at $203/sqft,,,"Does the $122.9K reflect a plan, renovation need, or true value?",$/sqft spread vs renovation estimate,,,$/sqft spread vs renovation estimate,EXP Realty Listing Agent,PARTIAL,
ORL-05,"1079 S Hiwassee Rd #1127, Orlando, FL 32835",https://movewithmomentum.com/neighborhoods/tradewinds-orlando,2026-10-03,"$135,000",Condo/Townhome,New to market at $135K vs 420/666-DOM siblings,,,"Is this a motivated fresh listing, or repeating the long-DOM pattern?",Fresh-listing vs long-DOM momentum,,,Fresh-listing vs long-DOM momentum,Holloman Gordon Listing Agent,PARTIAL,
ORL-06,"1027 S Hiwassee Rd #2311, Orlando, FL 32835",https://movewithmomentum.com/neighborhoods/tradewinds-orlando,2026-10-03,"$160,000",Condo/Townhome,Sibling of #2313 ($169K/666 DOM); $9K lower at 10 DOM,,,"Does #2311 clear faster because of price, or just listing timing?",Identical-unit price elasticity,,,Identical-unit price elasticity,Fathom Realty Listing Agent,PARTIAL,
ORL-07,"1049 S Hiwassee Rd #3416, Orlando, FL 32835",https://movewithmomentum.com/neighborhoods/tradewinds-orlando,2026-10-03,"$147,000",Condo/Townhome,Largest unit (2BD/2.5BA) at $147K vs 2BD/2BA $122-160K,,,Does the extra half-bath + sqft justify the $10-25K deltas?,Unit-mix value per bath/sqft,,,Unit-mix value per bath/sqft,Reeurban Listing Agent,PARTIAL,
ORL-08,"1100 Delaney Ave F204, Orlando, FL 32801",https://www.neighborhoods.com/lakeside-at-delaney-park-condominiums-orlando-fl,2026-10-03,"$250,000",Condo/Townhome,$250K ask vs closed $219-319K and $265K median for the bldg,,,Does $250K hold against $265K median sale for the building?,Ask vs closed-sales $/sqft,,,Ask vs closed-sales $/sqft,White Oak Realty Listing Agent,PARTIAL,
PHX-01,"2201 N Central Ave #3A, Phoenix, AZ 85004",https://www.zillow.com/phoenix-az/condos/,2026-10-03,"$439,900",Condo/Townhome,"-$11,000 cut (8/16); downtown condo $238/sqft vs comps",,,Does $238/sqft hold after HOA + cap-rate stress in 85004?,$/sqft price-cut cap-rate,,,$/sqft price-cut cap-rate,RE/MAX Excalibur Listing Agent,PARTIAL,
PHX-02,"1 E Lexington Ave #609, Phoenix, AZ 85012",https://www.zillow.com/phoenix-az/condos/,2026-10-03,"$499,900",Condo/Townhome,$444/sqft vs comps $460-490/sqft; entry luxury,,,"Is $444/sqft the floor, or below replacement-cost logic?",$/sqft vs replacement-cost,,,$/sqft vs replacement-cost,My Home Group Listing Agent,PARTIAL,
PHX-03,"4750 N Central Ave #9A, Phoenix, AZ 85012",https://www.zillow.com/phoenix-az/condos/,2026-10-03,"$170,000",Condo/Townhome,$173/sqft entry vs comps $185-210/sqft; investor target,,,Does $173/sqft clear replacement-cost + buyer-land assumption?,Entry condo $/sqft vs land value,,,Entry condo $/sqft vs land value,Russ Lyon Listing Agent,PARTIAL,
PHX-F05,"2912 E Monroe St, Phoenix, AZ — sold 7/10/26 (fixer $220K → relist $329.9K → sold $330K)",https://www.realtor.com/local/market/arizona,2026-10-03,"$330,000 (sold)",Condo/Townhome,Fixer listed $220K → withdrawn → remodeled/relit $329.9K → sold $330K (+49.5%),,,What evidence and economics supported the transformation from fixer to remodeled resale?,Rehab ROI / before-after reconciliation,,,Rehab ROI / before-after reconciliation,Jacob Chapman,PARTIAL,
AUS-01,"433 Cartwheel Bnd #89, Austin, TX 78735",https://www.realtor.com/realestateandhomes-search/433-Cartwheel-Bnd-89_Austin_TX_78735,2026-10-03,"$475,000",Condo/Townhome,-$10K cut; 3BD/2.5BA townhome vs comps $295-320/sqft,,,Does the $10K cut bridge the $278 vs $305/sqft gap?,$/sqft price-reduction effectiveness,,,$/sqft price-reduction effectiveness,Andrew Clements Listing Agent,PARTIAL,
AUS-02,"2450 Wickersham Ln Apt 106, Austin, TX 78741",https://www.realtor.com/realestateandhomes-search/2450-Wickersham-Ln-106_Austin_TX_78741,2026-10-03,"$216,258",Condo/Townhome,2BD/2BA at $204/sqft vs 2BD neighbors $225-250/sqft,,,"Is $204/sqft a real discount, or does the unit need rehab?",$/sqft discount vs rehab exposure,,,$/sqft discount vs rehab exposure,StepStone Realty Listing Agent,PARTIAL,
AUS-03,"10616 Mellow Meadows Dr #9D, Austin, TX 78750",https://www.realtor.com/realestateandhomes-search/10616-Mellow-Meadows-Dr-9D_Austin_TX_78750,2026-10-03,"$179,000",Condo/Townhome,$188/sqft vs comps $210-225/sqft; HOA $280/mo,,,Does $188/sqft hold after HOA + cap-rate test?,Entry-level $/sqft cap test,,,Entry-level $/sqft cap test,Compass Listing Agent,PARTIAL,
AUS-04,"9015 Cattle Baron Path #1502, Austin, TX 78747",https://www.realtor.com/realestateandhomes-search/9015-Cattle-Baron-Path-1502_Austin_TX_78747,2026-10-03,"$250,000",Condo/Townhome,-$24.9K cut; 2BD/2.5BA at $187/sqft vs comps $220-245/sqft,,,Is the 24.9K reduction pricing-in a condition issue?,Price-reduction magnitude vs condition signal,,,Price-reduction magnitude vs condition signal,Bramlett Residential Listing Agent,PARTIAL,
AUS-05,"4361 S Congress Ave #514, Austin, TX 78745",https://www.realtor.com/realestateandhomes-search/4361-S-Congress-Ave-514_Austin_TX_78745,2026-10-03,"$349,000",Condo/Townhome,2BD/2BA at $221/sqft vs South Austin $235-260/sqft,,,Does $221/sqft compress vs the South Austin premium band?,Neighborhood $/sqft compression,,,Neighborhood $/sqft compression,The Agency Listing Agent,PARTIAL,
AUS-06,"1710 Timberwood Dr, Austin, TX 78741",https://www.realtor.com/realestateandhomes-search/1710-Timberwood-Dr_Austin_TX_78741,2026-10-03,"$299,900",Condo/Townhome,3BD/2BA at $215/sqft vs similar $225-245/sqft; new,,,Is the new listing under-cutting the $215-245/sqft band on purpose?,New-listing band positioning,,,New-listing band positioning,StepStone Realty Listing Agent,PARTIAL,
AUS-07,"5924 S Congress Ave Apt 85, Austin, TX 78745",https://www.realtor.com/realestateandhomes-search/5924-S-Congress-Ave-85_Austin_TX_78745,2026-10-03,"$283,500",Condo/Townhome,1BD/1.5BA at $373/sqft vs 2BD at $220-245/sqft,,,Does the half-bath add enough value to justify $373/sqft vs 2BD units?,1-bedroom premium per sqft,,,1-bedroom premium per sqft,Realty Of America Listing Agent,PARTIAL,
