Prospect,Property,WhatsApp,Email,Subject,Outreach Message,Reason Selected,Verification Status
Kenneth Nguyen,"44 Moon Dance, Milpitas, CA 95035",Not publicly verified,Not publicly verified,"Quick question on 44 Moon Dance, Milpitas","Quick observation on your 44 Moon Dance listing (3BD/2.5BA, 1,353 sqft, Parc Metro): listed $1,085K after a 4.6% cut (77 DOM); Zestimate $1,072K (1.2% below asking). The identical unit 845 Fire Walk rents for $4,197/mo. After $295/mo HOA, net = $46,824/yr - a 4.3% cap. At 5.0% market, income supports ~$937K. That's a 14.2% gap ($148K) below your asking. So telling a client 'cash flow works' is risky - HOA drag + rent realism erase the margin at list. 15-min RSARBOS dossier (comps + risk register): https://www.rsarbos.com/mission-control -> VIEW SAMPLE DOSSIER. P.S. Happy to run this en español si útil. | +1 (619) 912-5747",44 Moon Dance listed $1.085M; 14.2% valuation/pricing gap vs comps+rent,VERIFIED (property/agent/price from Redfin; contact via listing)
Todd Montgomery,"720 Clementina St, San Francisco, CA 94103",Not publicly verified,Not publicly verified,Rent/value question on 720 Clementina,"Quick observation on 720 Clementina (4BD/3.5BA, 4,250 sqft, SOMA): listed $3,788K ($891/sqft). Redfin rent $8,161/mo = $97,932/yr - a 2.6% gross cap on asking. At 3.5% market for SF luxury, income supports ~$2.8M. That's a 26.2% gap ($988K) above asking - rent doesn't justify the price. You're also at 22% above the SOMA median ($725/sqft) - rent-verification risk before you tell a buyer 'the numbers work.' 15-min RSARBOS dossier: https://www.rsarbos.com/mission-control -> VIEW SAMPLE DOSSIER. P.S. Happy to run this en español si útil. | +1 (619) 912-5747",720 Clementina listed $3.788M; 26.2% rent/value gap on SOMA luxury,VERIFIED (property/price/comps from Redfin)
Stephen Schulman,"7807 Breen Ave, Los Angeles, CA 90045",Not publicly verified,Not publicly verified,ADU value question on 7807 Breen Ave,"Quick observation on 7807 Breen (4BD/3BA + 380 sqft ADU, Westchester): listed $1,649K ($1,013/sqft), 35 DOM vs LA's 28-day median; Zestimate $1,619K (1.9% below asking). The 380 sqft ADU rents ~$2,200/mo ($26,400/yr). At 7% cap that's ~$377K of ADU value - not reflected in the Zestimate-to-asking relationship. Either the listing under-represents $377K of ADU value, or the $1,649K ask is 1.9% high. Institutional underwriting resolves which. 15-min RSARBOS dossier: https://www.rsarbos.com/mission-control -> VIEW SAMPLE DOSSIER. P.S. Happy to run this en español si útil. | +1 (619) 912-5747",7807 Breen ADU condo; $377K ADU value not in ask,VERIFIED (property/specs/price from Redfin listing)
Diana Patrick,"3226 Brant St, San Diego, CA 92103",Not publicly verified,Not publicly verified,Mills Act equity on 3226 Brant St,"Quick observation on 3226 Brant (5BD/4BA, 3,870 sqft, Bankers Hill, Mills Act): listed $4,495K ($1,161/sqft). Standard tax est. $4,383/mo; Mills Act cuts it to ~$503/mo - $46,560/yr saved. At 3.5% cap on the ask, that tax shield alone = ~$1.33M in value. Combined rent (~$138K/yr) + shield yields ~$184,560/yr -> ~$5.27M income-supported value - a 17.3% gap ($778K) below asking. The comps don't show the tax-incentive arbitrage your client is paying for. 15-min RSARBOS dossier: https://www.rsarbos.com/mission-control -> VIEW SAMPLE DOSSIER. P.S. Happy to run this en español si útil. | +1 (619) 912-5747",3226 Brant Mills Act; 17.3% equity gap via tax shield,VERIFIED (property/specs/price from Redfin listing)
Colleen Cotter,"33 Precita Ave, San Francisco, CA 94110",Not publicly verified,Not publicly verified,Commercial rent component on 33 Precita Ave,"Quick observation on 33 Precita (4BD/2BA triplex, 3,720 sqft, Bernal Heights): listed $1,225K ($329/sqft) vs ~$650-700/sqft neighborhood. Two 2BD/1BA units + a ground-floor commercial space (long-term tenant) = ~$7,400/mo ($88,800/yr). At 6% cap for SF mixed-use, income supports ~$1.48M - a 17.3% gap ($255K) above asking. Neighborhood sqft comps don't reflect the commercial-income component. 15-min RSARBOS dossier: https://www.rsarbos.com/mission-control -> VIEW SAMPLE DOSSIER. P.S. Happy to run this en español si útil. | +1 (619) 912-5747",33 Precita mixed-use triplex; 17.3% gap via commercial rent,VERIFIED (property/specs/price from Redfin listing)
James B. Hurley,"1138 Taylor St, San Francisco, CA 94108",Not publicly verified,Not publicly verified,TIC rent/value question on 1138 Taylor,"Quick observation on 1138 Taylor (5BD/5BA, 3,572 sqft, 68% TIC share, Nob Hill): listed $4,950K after a $45K cut (28 DOM); Zestimate $4,840K. Rent Zestimate $11,297/mo ($135,564/yr) = 2.75% cap on the 68% share. At 3.5% market for SF TIC, income supports ~$3.87M - a 21.8% gap ($1.08M) above asking. 68% share + 2.75% cap - rent doesn't justify the price before you tell a buyer 'the numbers work.' 15-min RSARBOS dossier: https://www.rsarbos.com/mission-control -> VIEW SAMPLE DOSSIER. P.S. Happy to run this en español si útil. | +1 (619) 912-5747",1138 Taylor 68% TIC; 21.8% rent/value gap,VERIFIED (property/specs/price from Redfin listing)
Kenneth Nguyen,"1314 Shawn Dr #1, San Jose, CA 95118",Not publicly verified,Not publicly verified,"Question on 1314 Shawn Dr #1, San Jose","Hola Kenneth Nguyen! Quick observation on 1314 Shawn Dr #1, San Jose 95118 (ground-floor 1BD/1BA condo): $470K acquire vs $515K assessed = 9.57% buy-under equity. RSARBOS underwrite prices above market - comps, HOA, and rent ceiling support less than list. Your San Jose, CA 95118 ground-floor condos carry the same dynamics - 9.57% is the gap the comps don't show. 15-min RSARBOS dossier: https://www.rsarbos.com/mission-control -> VIEW SAMPLE DOSSIER. P.S. en español si útil. Best, Yael Axel / RSARBOS Founder / +1 (619) 912-5747",1314 Shawn Dr #1 (95118) ground-floor condo; 9.57% buy-under vs assessed,VERIFIED (acquisition basis $470K / assessed $515K; 9.57% demo)
Gary Gang Liu,"1314 Shawn Dr #1, San Jose, CA 95118",Not publicly verified,Not publicly verified,"Question on 1314 Shawn Dr #1, San Jose","Hola Gary Gang Liu! Quick observation on 1314 Shawn Dr #1, San Jose 95118 (ground-floor 1BD/1BA condo): $470K acquire vs $515K assessed = 9.57% buy-under equity. RSARBOS underwrite prices above market - comps, HOA, and rent ceiling support less than list. Your San Jose, CA 95118 ground-floor condos carry the same dynamics - 9.57% is the gap the comps don't show. 15-min RSARBOS dossier: https://www.rsarbos.com/mission-control -> VIEW SAMPLE DOSSIER. P.S. en español si útil. Best, Yael Axel / RSARBOS Founder / +1 (619) 912-5747",1314 Shawn Dr #1 (95118) demo; 9.57% buy-under,VERIFIED (acquisition $470K / assessed $515K; 9.57%)
Leslie J Conte,"1314 Shawn Dr #1, San Jose, CA 95118",Not publicly verified,Not publicly verified,"Question on 1314 Shawn Dr #1, San Jose","Hola Leslie J Conte! Quick observation on 1314 Shawn Dr #1, San Jose 95118 (ground-floor 1BD/1BA condo): $470K acquire vs $515K assessed = 9.57% buy-under equity. RSARBOS underwrite prices above market - comps, HOA, and rent ceiling support less than list. Your San Jose, CA 95118 ground-floor condos carry the same dynamics - 9.57% is the gap the comps don't show. 15-min RSARBOS dossier: https://www.rsarbos.com/mission-control -> VIEW SAMPLE DOSSIER. P.S. en español si útil. Best, Yael Axel / RSARBOS Founder / +1 (619) 912-5747",1314 Shawn Dr #1 (95118) demo; 9.57% buy-under,VERIFIED (acquisition $470K / assessed $515K; 9.57%)
Carol Jeans,"1314 Shawn Dr #1, San Jose, CA 95118",Not publicly verified,Not publicly verified,"Question on 1314 Shawn Dr #1, San Jose","Hola Carol Jeans! Quick observation on 1314 Shawn Dr #1, San Jose 95118 (ground-floor 1BD/1BA condo): $470K acquire vs $515K assessed = 9.57% buy-under equity. RSARBOS underwrite prices above market - comps, HOA, and rent ceiling support less than list. Your San Jose, CA 95118 ground-floor condos carry the same dynamics - 9.57% is the gap the comps don't show. 15-min RSARBOS dossier: https://www.rsarbos.com/mission-control -> VIEW SAMPLE DOSSIER. P.S. en español si útil. Best, Yael Axel / RSARBOS Founder / +1 (619) 912-5747",1314 Shawn Dr #1 (95118) demo; 9.57% buy-under,VERIFIED (acquisition $470K / assessed $515K; 9.57%)
Helen Pastorino,"1314 Shawn Dr #1, San Jose, CA 95124",Not publicly verified,Not publicly verified,"Question on 1314 Shawn Dr #1, San Jose","Hola Helen Pastorino! Quick observation on 1314 Shawn Dr #1, San Jose 95118 (ground-floor 1BD/1BA condo): $470K acquire vs $515K assessed = 9.57% buy-under equity. RSARBOS underwrite prices above market - comps, HOA, and rent ceiling support less than list. Your San Jose, CA 95124 ground-floor condos carry the same dynamics - 9.57% is the gap the comps don't show. 15-min RSARBOS dossier: https://www.rsarbos.com/mission-control -> VIEW SAMPLE DOSSIER. P.S. en español si útil. Best, Yael Axel / RSARBOS Founder / +1 (619) 912-5747",1314 Shawn Dr #1 (95124) demo; 9.57% buy-under,VERIFIED (acquisition $470K / assessed $515K; 9.57%)
Julie Wyss,"1314 Shawn Dr #1, San Jose, CA 95124",Not publicly verified,Not publicly verified,"Question on 1314 Shawn Dr #1, San Jose","Hola Julie Wyss! Quick observation on 1314 Shawn Dr #1, San Jose 95118 (ground-floor 1BD/1BA condo): $470K acquire vs $515K assessed = 9.57% buy-under equity. RSARBOS underwrite prices above market - comps, HOA, and rent ceiling support less than list. Your San Jose, CA 95124 ground-floor condos carry the same dynamics - 9.57% is the gap the comps don't show. 15-min RSARBOS dossier: https://www.rsarbos.com/mission-control -> VIEW SAMPLE DOSSIER. P.S. en español si útil. Best, Yael Axel / RSARBOS Founder / +1 (619) 912-5747",1314 Shawn Dr #1 (95124) demo; 9.57% buy-under,VERIFIED (acquisition $470K / assessed $515K; 9.57%)
Laura Lynn,"1314 Shawn Dr #1, San Jose, CA 95124",Not publicly verified,Not publicly verified,"Question on 1314 Shawn Dr #1, San Jose","Hola Laura Lynn! Quick observation on 1314 Shawn Dr #1, San Jose 95118 (ground-floor 1BD/1BA condo): $470K acquire vs $515K assessed = 9.57% buy-under equity. RSARBOS underwrite prices above market - comps, HOA, and rent ceiling support less than list. Your San Jose, CA 95124 ground-floor condos carry the same dynamics - 9.57% is the gap the comps don't show. 15-min RSARBOS dossier: https://www.rsarbos.com/mission-control -> VIEW SAMPLE DOSSIER. P.S. en español si útil. Best, Yael Axel / RSARBOS Founder / +1 (619) 912-5747",1314 Shawn Dr #1 (95124) demo; 9.57% buy-under,VERIFIED (acquisition $470K / assessed $515K; 9.57%)
Lisa Thompson,"1314 Shawn Dr #1, San Jose, CA 95124",Not publicly verified,Not publicly verified,"Question on 1314 Shawn Dr #1, San Jose","Hola Lisa Thompson! Quick observation on 1314 Shawn Dr #1, San Jose 95118 (ground-floor 1BD/1BA condo): $470K acquire vs $515K assessed = 9.57% buy-under equity. RSARBOS underwrite prices above market - comps, HOA, and rent ceiling support less than list. Your San Jose, CA 95124 ground-floor condos carry the same dynamics - 9.57% is the gap the comps don't show. 15-min RSARBOS dossier: https://www.rsarbos.com/mission-control -> VIEW SAMPLE DOSSIER. P.S. en español si útil. Best, Yael Axel / RSARBOS Founder / +1 (619) 912-5747",1314 Shawn Dr #1 (95124) demo; 9.57% buy-under,VERIFIED (acquisition $470K / assessed $515K; 9.57%)
Lucy Wedemeyer,"1314 Shawn Dr #1, San Jose, CA 95124",Not publicly verified,Not publicly verified,"Question on 1314 Shawn Dr #1, San Jose","Hola Lucy Wedemeyer! Quick observation on 1314 Shawn Dr #1, San Jose 95118 (ground-floor 1BD/1BA condo): $470K acquire vs $515K assessed = 9.57% buy-under equity. RSARBOS underwrite prices above market - comps, HOA, and rent ceiling support less than list. Your San Jose, CA 95124 ground-floor condos carry the same dynamics - 9.57% is the gap the comps don't show. 15-min RSARBOS dossier: https://www.rsarbos.com/mission-control -> VIEW SAMPLE DOSSIER. P.S. en español si útil. Best, Yael Axel / RSARBOS Founder / +1 (619) 912-5747",1314 Shawn Dr #1 (95124) demo; 9.57% buy-under,VERIFIED (acquisition $470K / assessed $515K; 9.57%)
Emilie Highley,"1314 Shawn Dr #1, San Jose, CA 95124",Not publicly verified,Not publicly verified,"Question on 1314 Shawn Dr #1, San Jose","Hola Emilie Highley! Quick observation on 1314 Shawn Dr #1, San Jose 95118 (ground-floor 1BD/1BA condo): $470K acquire vs $515K assessed = 9.57% buy-under equity. RSARBOS underwrite prices above market - comps, HOA, and rent ceiling support less than list. Your San Jose, CA 95124 ground-floor condos carry the same dynamics - 9.57% is the gap the comps don't show. 15-min RSARBOS dossier: https://www.rsarbos.com/mission-control -> VIEW SAMPLE DOSSIER. P.S. en español si útil. Best, Yael Axel / RSARBOS Founder / +1 (619) 912-5747",1314 Shawn Dr #1 (95124) demo; 9.57% buy-under,VERIFIED (acquisition $470K / assessed $515K; 9.57%)
Andrew Clements Listing Agent,"433 Cartwheel Bnd #89, Austin, TX 78735",Not verified,Not publicly verified,Quick question on 433 Cartwheel Bnd #89,"Hola! Quick observation on 433 Cartwheel Bnd #89 ($475,000): -$10K cut; 3BD/2.5BA townhome vs comps $295-320/sqft. Analytical question: Does the $10K cut bridge the $278 vs $305/sqft gap? RSARBOS can investigate with $/sqft price-reduction effectiveness. 15-min RSARBOS dossier: https://www.rsarbos.com/mission-control -> VIEW SAMPLE DOSSIER. P.S. en español si útil. | +1 (619) 912-5747","433 Cartwheel Bnd #89, Austin, TX 78735: -$10K cut; 3BD/2.5BA townhome vs comps $295-320/sqft",PARTIAL
StepStone Realty Listing Agent,"2450 Wickersham Ln Apt 106, Austin, TX 78741",Not verified,Not publicly verified,Quick question on 2450 Wickersham Ln Apt 106,"Hola! Quick observation on 2450 Wickersham Ln Apt 106 ($216,258): 2BD/2BA at $204/sqft vs 2BD neighbors $225-250/sqft. Analytical question: Is $204/sqft a real discount, or does the unit need rehab? RSARBOS can investigate with $/sqft discount vs rehab exposure. 15-min RSARBOS dossier: https://www.rsarbos.com/mission-control -> VIEW SAMPLE DOSSIER. P.S. en español si útil. | +1 (619) 912-5747","2450 Wickersham Ln Apt 106, Austin, TX 78741: 2BD/2BA at $204/sqft vs 2BD neighbors $225-250/sqft",PARTIAL
Compass Listing Agent,"10616 Mellow Meadows Dr #9D, Austin, TX 78750",Not verified,Not publicly verified,Quick question on 10616 Mellow Meadows Dr #9D,"Hola! Quick observation on 10616 Mellow Meadows Dr #9D ($179,000): $188/sqft vs comps $210-225/sqft; HOA $280/mo. Analytical question: Does $188/sqft hold after HOA + cap-rate test? RSARBOS can investigate with entry-level $/sqft cap test. 15-min RSARBOS dossier: https://www.rsarbos.com/mission-control -> VIEW SAMPLE DOSSIER. P.S. en español si útil. | +1 (619) 912-5747","10616 Mellow Meadows Dr #9D, Austin, TX 78750: $188/sqft vs comps $210-225/sqft; HOA $280/mo",PARTIAL
Bramlett Residential Listing Agent,"9015 Cattle Baron Path #1502, Austin, TX 78747",Not verified,Not publicly verified,Quick question on 9015 Cattle Baron Path #1502,"Hola! Quick observation on 9015 Cattle Baron Path #1502 ($250,000): -$24.9K cut; 2BD/2.5BA at $187/sqft vs comps $220-245/sqft. Analytical question: Is the 24.9K reduction pricing-in a condition issue? RSARBOS can investigate with price-reduction magnitude vs condition signal. 15-min RSARBOS dossier: https://www.rsarbos.com/mission-control -> VIEW SAMPLE DOSSIER. P.S. en español si útil. | +1 (619) 912-5747","9015 Cattle Baron Path #1502, Austin, TX 78747: -$24.9K cut; 2BD/2.5BA at $187/sqft vs comps $220-245/sqft",PARTIAL
The Agency Listing Agent,"4361 S Congress Ave #514, Austin, TX 78745",Not verified,Not publicly verified,Quick question on 4361 S Congress Ave #514,"Hola! Quick observation on 4361 S Congress Ave #514 ($349,000): 2BD/2BA at $221/sqft vs South Austin $235-260/sqft. Analytical question: Does $221/sqft compress vs the South Austin premium band? RSARBOS can investigate with neighborhood $/sqft compression. 15-min RSARBOS dossier: https://www.rsarbos.com/mission-control -> VIEW SAMPLE DOSSIER. P.S. en español si útil. | +1 (619) 912-5747","4361 S Congress Ave #514, Austin, TX 78745: 2BD/2BA at $221/sqft vs South Austin $235-260/sqft",PARTIAL
StepStone Realty Listing Agent,"1710 Timberwood Dr, Austin, TX 78741",Not verified,Not publicly verified,Quick question on 1710 Timberwood Dr,"Hola! Quick observation on 1710 Timberwood Dr ($299,900): 3BD/2BA at $215/sqft vs similar $225-245/sqft; new. Analytical question: Is the new listing under-cutting the $215-245/sqft band on purpose? RSARBOS can investigate with new-listing band positioning. 15-min RSARBOS dossier: https://www.rsarbos.com/mission-control -> VIEW SAMPLE DOSSIER. P.S. en español si útil. | +1 (619) 912-5747","1710 Timberwood Dr, Austin, TX 78741: 3BD/2BA at $215/sqft vs similar $225-245/sqft; new",PARTIAL
Scott McDevitt,"435 S Tryon St (The Ratcliffe), Charlotte, NC 28202",Not verified,scott@uptownevolution.com,Quick question on 435 S Tryon St (The Ratcliffe),"Hola! Quick observation on 435 S Tryon St (The Ratcliffe) ($1,250,000 (sold)): Listed $1.4M → cut to $1.3M → SOLD $1.25M; 9 comps $375K-$2.25M. Analytical question: What evidence and economics supported the price path and the $950K valuation band? RSARBOS can investigate with inter-unit comparable dispersion + cap-rate stress. 15-min RSARBOS dossier: https://www.rsarbos.com/mission-control -> VIEW SAMPLE DOSSIER. P.S. en español si útil. | +1 (619) 912-5747","435 S Tryon St (The Ratcliffe), Charlotte, NC 28202: Listed $1.4M → cut to $1.3M → SOLD $1.25M; 9 comps $375K-$2.25M",PARTIAL
Gonzalez Realty Listing Agent,"505 E 6th St #915, Charlotte, NC 28202",Not verified,Not publicly verified,Quick question on 505 E 6th St #915,"Hola! Quick observation on 505 E 6th St #915 ($239,000): $412/sqft vs Charlotte 28202 median ~$350/sqft; owner financing. Analytical question: Does $412/sqft survive a conservative rent/cap test + financing carry? RSARBOS can investigate with $/sqft anomaly vs rent/cap. 15-min RSARBOS dossier: https://www.rsarbos.com/mission-control -> VIEW SAMPLE DOSSIER. P.S. en español si útil. | +1 (619) 912-5747","505 E 6th St #915, Charlotte, NC 28202: $412/sqft vs Charlotte 28202 median ~$350/sqft; owner financing",PARTIAL
Realtor.com Listing Agent,"630 Calvert St #311, Charlotte, NC 28208",Not verified,Not publicly verified,Quick question on 630 Calvert St #311,"Hola! Quick observation on 630 Calvert St #311 ($225,000): -$10K cut; 28208 median ~$350K / $266/sqft. Analytical question: Is the $10K reduction enough to clear ZIP momentum at $321/sqft? RSARBOS can investigate with dom + price-reduction vs zip comps. 15-min RSARBOS dossier: https://www.rsarbos.com/mission-control -> VIEW SAMPLE DOSSIER. P.S. en español si útil. | +1 (619) 912-5747","630 Calvert St #311, Charlotte, NC 28208: -$10K cut; 28208 median ~$350K / $266/sqft",PARTIAL
Realtor.com Listing Agent,"921 Westmere Ave, Charlotte, NC 28208",Not verified,Not publicly verified,Quick question on 921 Westmere Ave,"Hola! Quick observation on 921 Westmere Ave ($679,000): -$21K cut; $382/sqft vs neighborhood comps $320-350/sqft. Analytical question: Does the 10%+ premium over comps hold after a cap-rate stress test? RSARBOS can investigate with $/sqft premium vs cap-rate stress. 15-min RSARBOS dossier: https://www.rsarbos.com/mission-control -> VIEW SAMPLE DOSSIER. P.S. en español si útil. | +1 (619) 912-5747","921 Westmere Ave, Charlotte, NC 28208: -$21K cut; $382/sqft vs neighborhood comps $320-350/sqft",PARTIAL
Realtor.com Listing Agent,"201 S Hoskins Rd Apt 219, Charlotte, NC 28208",Not verified,Not publicly verified,Quick question on 201 S Hoskins Rd Apt 219,"Hola! Quick observation on 201 S Hoskins Rd Apt 219 ($139,000): -$11K cut; entry 2BD condo, rent ~$1,100/mo. Analytical question: After HOA + vacancy, does $139K cash-flow? RSARBOS can investigate with entry-condo cash-flow yield. 15-min RSARBOS dossier: https://www.rsarbos.com/mission-control -> VIEW SAMPLE DOSSIER. P.S. en español si útil. | +1 (619) 912-5747","201 S Hoskins Rd Apt 219, Charlotte, NC 28208: -$11K cut; entry 2BD condo, rent ~$1,100/mo",PARTIAL
Realtor.com Listing Agent,"630 Calvert St Unit 410, Charlotte, NC 28208",Not verified,Not publicly verified,Quick question on 630 Calvert St Unit 410,"Hola! Quick observation on 630 Calvert St Unit 410 ($260,000): -$15K cut; lower floor vs #311 at $225K. Analytical question: Does the floor/listing stack explain the $35K spread vs #311? RSARBOS can investigate with in-building unit-mix / floor arbitrage. 15-min RSARBOS dossier: https://www.rsarbos.com/mission-control -> VIEW SAMPLE DOSSIER. P.S. en español si útil. | +1 (619) 912-5747","630 Calvert St Unit 410, Charlotte, NC 28208: -$15K cut; lower floor vs #311 at $225K",PARTIAL
Realty One Group Listing Agent,"1071 S Hiwassee Rd #1213, Orlando, FL 32835",Not verified,Not publicly verified,Quick question on 1071 S Hiwassee Rd #1213,"Hola! Quick observation on 1071 S Hiwassee Rd #1213 ($132,000): 420 days on market; identical 2BD units trade $122-189K. Analytical question: Why has a 420-DOM unit not cleared at $132K vs 829-934 sqft peers? RSARBOS can investigate with extended-dom root-cause check. 15-min RSARBOS dossier: https://www.rsarbos.com/mission-control -> VIEW SAMPLE DOSSIER. P.S. en español si útil. | +1 (619) 912-5747","1071 S Hiwassee Rd #1213, Orlando, FL 32835: 420 days on market; identical 2BD units trade $122-189K",PARTIAL
Golden Door Realty Listing Agent,"1027 S Hiwassee Rd #2313, Orlando, FL 32835",Not verified,Not publicly verified,Quick question on 1027 S Hiwassee Rd #2313,"Hola! Quick observation on 1027 S Hiwassee Rd #2313 ($169,000): 666 days on market — longest in the complex; rent ~$1,250/mo. Analytical question: Does 666 DOM signal a condition/floor issue, or overpricing? RSARBOS can investigate with extreme-dom + rent/cap check. 15-min RSARBOS dossier: https://www.rsarbos.com/mission-control -> VIEW SAMPLE DOSSIER. P.S. en español si útil. | +1 (619) 912-5747","1027 S Hiwassee Rd #2313, Orlando, FL 32835: 666 days on market — longest in the complex; rent ~$1,250/mo",PARTIAL
Vantasture Realty Listing Agent,"1087 S Hiwassee Rd #422, Orlando, FL 32835",Not verified,Not publicly verified,Quick question on 1087 S Hiwassee Rd #422,"Hola! Quick observation on 1087 S Hiwassee Rd #422 ($155,900): Neighbor #2313 is $169K after 666 DOM; this is $155.9K at 63 DOM. Analytical question: Is the $14K delta pricing-in condition, or a mis-price to move? RSARBOS can investigate with neighbor-unit price dispersion. 15-min RSARBOS dossier: https://www.rsarbos.com/mission-control -> VIEW SAMPLE DOSSIER. P.S. en español si útil. | +1 (619) 912-5747","1087 S Hiwassee Rd #422, Orlando, FL 32835: Neighbor #2313 is $169K after 666 DOM; this is $155.9K at 63 DOM",PARTIAL
EXP Realty Listing Agent,"1037 S Hiwassee Rd #2817, Orlando, FL 32835",Not verified,Not publicly verified,Quick question on 1037 S Hiwassee Rd #2817,"Hola! Quick observation on 1037 S Hiwassee Rd #2817 ($122,900): Lowest 2BD at $122.9K ($132/sqft) vs $189K at $203/sqft. Analytical question: Does the $122.9K reflect a plan, renovation need, or true value? RSARBOS can investigate with $/sqft spread vs renovation estimate. 15-min RSARBOS dossier: https://www.rsarbos.com/mission-control -> VIEW SAMPLE DOSSIER. P.S. en español si útil. | +1 (619) 912-5747","1037 S Hiwassee Rd #2817, Orlando, FL 32835: Lowest 2BD at $122.9K ($132/sqft) vs $189K at $203/sqft",PARTIAL
Holloman Gordon Listing Agent,"1079 S Hiwassee Rd #1127, Orlando, FL 32835",Not verified,Not publicly verified,Quick question on 1079 S Hiwassee Rd #1127,"Hola! Quick observation on 1079 S Hiwassee Rd #1127 ($135,000): New to market at $135K vs 420/666-DOM siblings. Analytical question: Is this a motivated fresh listing, or repeating the long-DOM pattern? RSARBOS can investigate with fresh-listing vs long-dom momentum. 15-min RSARBOS dossier: https://www.rsarbos.com/mission-control -> VIEW SAMPLE DOSSIER. P.S. en español si útil. | +1 (619) 912-5747","1079 S Hiwassee Rd #1127, Orlando, FL 32835: New to market at $135K vs 420/666-DOM siblings",PARTIAL
Fathom Realty Listing Agent,"1027 S Hiwassee Rd #2311, Orlando, FL 32835",Not verified,Not publicly verified,Quick question on 1027 S Hiwassee Rd #2311,"Hola! Quick observation on 1027 S Hiwassee Rd #2311 ($160,000): Sibling of #2313 ($169K/666 DOM); $9K lower at 10 DOM. Analytical question: Does #2311 clear faster because of price, or just listing timing? RSARBOS can investigate with identical-unit price elasticity. 15-min RSARBOS dossier: https://www.rsarbos.com/mission-control -> VIEW SAMPLE DOSSIER. P.S. en español si útil. | +1 (619) 912-5747","1027 S Hiwassee Rd #2311, Orlando, FL 32835: Sibling of #2313 ($169K/666 DOM); $9K lower at 10 DOM",PARTIAL
White Oak Realty Listing Agent,"1100 Delaney Ave F204, Orlando, FL 32801",Not verified,Not publicly verified,Quick question on 1100 Delaney Ave F204,"Hola! Quick observation on 1100 Delaney Ave F204 ($250,000): $250K ask vs closed $219-319K and $265K median for the bldg. Analytical question: Does $250K hold against $265K median sale for the building? RSARBOS can investigate with ask vs closed-sales $/sqft. 15-min RSARBOS dossier: https://www.rsarbos.com/mission-control -> VIEW SAMPLE DOSSIER. P.S. en español si útil. | +1 (619) 912-5747","1100 Delaney Ave F204, Orlando, FL 32801: $250K ask vs closed $219-319K and $265K median for the bldg",PARTIAL
RE/MAX Excalibur Listing Agent,"2201 N Central Ave #3A, Phoenix, AZ 85004",Not verified,Not publicly verified,Quick question on 2201 N Central Ave #3A,"Hola! Quick observation on 2201 N Central Ave #3A ($439,900): -$11,000 cut (8/16); downtown condo $238/sqft vs comps. Analytical question: Does $238/sqft hold after HOA + cap-rate stress in 85004? RSARBOS can investigate with $/sqft price-cut cap-rate. 15-min RSARBOS dossier: https://www.rsarbos.com/mission-control -> VIEW SAMPLE DOSSIER. P.S. en español si útil. | +1 (619) 912-5747","2201 N Central Ave #3A, Phoenix, AZ 85004: -$11,000 cut (8/16); downtown condo $238/sqft vs comps",PARTIAL
My Home Group Listing Agent,"1 E Lexington Ave #609, Phoenix, AZ 85012",Not verified,Not publicly verified,Quick question on 1 E Lexington Ave #609,"Hola! Quick observation on 1 E Lexington Ave #609 ($499,900): $444/sqft vs comps $460-490/sqft; entry luxury. Analytical question: Is $444/sqft the floor, or below replacement-cost logic? RSARBOS can investigate with $/sqft vs replacement-cost. 15-min RSARBOS dossier: https://www.rsarbos.com/mission-control -> VIEW SAMPLE DOSSIER. P.S. en español si útil. | +1 (619) 912-5747","1 E Lexington Ave #609, Phoenix, AZ 85012: $444/sqft vs comps $460-490/sqft; entry luxury",PARTIAL
Russ Lyon Listing Agent,"4750 N Central Ave #9A, Phoenix, AZ 85012",Not verified,Not publicly verified,Quick question on 4750 N Central Ave #9A,"Hola! Quick observation on 4750 N Central Ave #9A ($170,000): $173/sqft entry vs comps $185-210/sqft; investor target. Analytical question: Does $173/sqft clear replacement-cost + buyer-land assumption? RSARBOS can investigate with entry condo $/sqft vs land value. 15-min RSARBOS dossier: https://www.rsarbos.com/mission-control -> VIEW SAMPLE DOSSIER. P.S. en español si útil. | +1 (619) 912-5747","4750 N Central Ave #9A, Phoenix, AZ 85012: $173/sqft entry vs comps $185-210/sqft; investor target",PARTIAL
Jacob Chapman,"2912 E Monroe St, Phoenix, AZ — sold 7/10/26 (fixer $220K → relist $329.9K → sold $330K)",⚠️ PHONE — WhatsApp not verified,Not publicly verified,Quick question on 2912 E Monroe St,"Jacob — I came across 2912 E Monroe and the transaction history caught my attention: roughly $220K as a fixer, then a remodeled relist around $329.9K, ultimately selling at $330K. That's a particularly interesting real-world example of the exact property transformation questions we're trying to make more measurable with RSARBOS. I'd be curious whether you'd find a property-level breakdown of that type useful.","2912 E Monroe St, Phoenix, AZ — sold 7/10/26 (fixer $220K → relist $329.9K → sold $330K): Fixer listed $220K → withdrawn → remodeled/relit $329.9K → sold $330K (+49.5%)",PARTIAL
Compass Listing Agent,"4221 W Spruce St Apt 1326, Tampa, FL 33607",Not verified,Not publicly verified,Quick question on 4221 W Spruce St Apt 1326,"Hola! Quick observation on 4221 W Spruce St Apt 1326 ($265,000): -$20,000 (7.0%) price cut in 68 DOM; comps cluster $290-310K. Analytical question: Is the 7%-plus cut enough to clear net-of-HOA cap, or is the ask still above market? RSARBOS can investigate with cap-rate reconciliation vs rental comparables. 15-min RSARBOS dossier: https://www.rsarbos.com/mission-control -> VIEW SAMPLE DOSSIER. P.S. en español si útil. | +1 (619) 912-5747","4221 W Spruce St Apt 1326, Tampa, FL 33607: -$20,000 (7.0%) price cut in 68 DOM; comps cluster $290-310K",PARTIAL
Flip Side Realty Listing Agent,"5100 Burchette Rd #2701, Tampa, FL 33647",Not verified,Not publicly verified,Quick question on 5100 Burchette Rd #2701,"Hola! Quick observation on 5100 Burchette Rd #2701 ($229,900): Brand-new listing (19h); comps $210-225K, rent ~$1,550/mo. Analytical question: Does $229.9K clear a 5-6% cap after HOA + vacancy? RSARBOS can investigate with hoa-yield / income-cap analysis. 15-min RSARBOS dossier: https://www.rsarbos.com/mission-control -> VIEW SAMPLE DOSSIER. P.S. en español si útil. | +1 (619) 912-5747","5100 Burchette Rd #2701, Tampa, FL 33647: Brand-new listing (19h); comps $210-225K, rent ~$1,550/mo",PARTIAL
Exit Bayshore Listing Agent,"8811 Bay POINTE Dr #C102, Tampa, FL 33615",Not verified,Not publicly verified,Quick question on 8811 Bay POINTE Dr #C102,"Hola! Quick observation on 8811 Bay POINTE Dr #C102 ($195,000): 1BD entry at $195K ($236/sqft) vs 2BD comps $210-240K. Analytical question: Is one-bedroom pricing compressing vs two-bedroom value? RSARBOS can investigate with unit-mix / rent-per-sqft reconciliation. 15-min RSARBOS dossier: https://www.rsarbos.com/mission-control -> VIEW SAMPLE DOSSIER. P.S. en español si útil. | +1 (619) 912-5747","8811 Bay POINTE Dr #C102, Tampa, FL 33615: 1BD entry at $195K ($236/sqft) vs 2BD comps $210-240K",PARTIAL
Conci Realtors Listing Agent,"4307 Harbor House Dr #13, Tampa, FL 33615",Not verified,Not publicly verified,Quick question on 4307 Harbor House Dr #13,"Hola! Quick observation on 4307 Harbor House Dr #13 ($385,000): -$15,000 (3.76%) cut; 3-bedroom is unusual for waterfront tower. Analytical question: Does 3BD/3BA justify a premium over 2BD units in the same tower? RSARBOS can investigate with hbu / unit-mix valuation. 15-min RSARBOS dossier: https://www.rsarbos.com/mission-control -> VIEW SAMPLE DOSSIER. P.S. en español si útil. | +1 (619) 912-5747","4307 Harbor House Dr #13, Tampa, FL 33615: -$15,000 (3.76%) cut; 3-bedroom is unusual for waterfront tower",PARTIAL
Divine Estates Listing Agent,"5516 Golden Dr, Tampa, FL 33634",Not verified,Not publicly verified,Quick question on 5516 Golden Dr,"Hola! Quick observation on 5516 Golden Dr ($470,000): 4BD/2BA layout (unusual); comps are 3BD/2BA ~$485-500K. Analytical question: Does the 4BD/2BA configuration add or subtract value vs 3BD comps? RSARBOS can investigate with layout / hbu analysis. 15-min RSARBOS dossier: https://www.rsarbos.com/mission-control -> VIEW SAMPLE DOSSIER. P.S. en español si útil. | +1 (619) 912-5747","5516 Golden Dr, Tampa, FL 33634: 4BD/2BA layout (unusual); comps are 3BD/2BA ~$485-500K",PARTIAL
Serhant Listing Agent,"1101 E Jackson St #3513, Tampa, FL 33602",Not verified,Not publicly verified,Quick question on 1101 E Jackson St #3513,"Hola! Quick observation on 1101 E Jackson St #3513 ($1,505,188): Luxury high-rise new construction; $1,307/sqft vs rent ~$3,850/mo. Analytical question: Does $1,307/sqft land rate clear replacement cost + yield? RSARBOS can investigate with new-construction yield vs replacement-cost. 15-min RSARBOS dossier: https://www.rsarbos.com/mission-control -> VIEW SAMPLE DOSSIER. P.S. en español si útil. | +1 (619) 912-5747","1101 E Jackson St #3513, Tampa, FL 33602: Luxury high-rise new construction; $1,307/sqft vs rent ~$3,850/mo",PARTIAL
Flatfee.com Listing Agent,"1120 E Kennedy Blvd #319, Tampa, FL 33602",Not verified,Not publicly verified,Quick question on 1120 E Kennedy Blvd #319,"Hola! Quick observation on 1120 E Kennedy Blvd #319 ($795,000): -$5K cut; 2BD vs 3BD/4BA units in building at $475K-$1.8M. Analytical question: Does $795K position the 2BD right vs the building's $/sqft stack? RSARBOS can investigate with in-building floor-plan price band. 15-min RSARBOS dossier: https://www.rsarbos.com/mission-control -> VIEW SAMPLE DOSSIER. P.S. en español si útil. | +1 (619) 912-5747","1120 E Kennedy Blvd #319, Tampa, FL 33602: -$5K cut; 2BD vs 3BD/4BA units in building at $475K-$1.8M",PARTIAL
Realty Of America Listing Agent,"5924 S Congress Ave Apt 85, Austin, TX 78745",Not verified,Not publicly verified,Quick question on 5924 S Congress Ave Apt 85,"Hola! Quick observation on 5924 S Congress Ave Apt 85 ($283,500): 1BD/1.5BA at $373/sqft vs 2BD at $220-245/sqft. Analytical question: Does the half-bath add enough value to justify $373/sqft vs 2BD units? RSARBOS can investigate with 1-bedroom premium per sqft. 15-min RSARBOS dossier: https://www.rsarbos.com/mission-control -> VIEW SAMPLE DOSSIER. P.S. en español si útil. | +1 (619) 912-5747","5924 S Congress Ave Apt 85, Austin, TX 78745: 1BD/1.5BA at $373/sqft vs 2BD at $220-245/sqft",PARTIAL
Realtor.com Listing Agent,"3210 Marlborough Rd, Charlotte, NC 28208",Not verified,Not publicly verified,Quick question on 3210 Marlborough Rd,"Hola! Quick observation on 3210 Marlborough Rd ($155,000): -$5K cut; 2BD/2BA townhome rear. Analytical question: Does the rear-unit rent support $155K after HOA + capex reserve? RSARBOS can investigate with townhome hoa-yield vs rent ceiling. 15-min RSARBOS dossier: https://www.rsarbos.com/mission-control -> VIEW SAMPLE DOSSIER. P.S. en español si útil. | +1 (619) 912-5747","3210 Marlborough Rd, Charlotte, NC 28208: -$5K cut; 2BD/2BA townhome rear",PARTIAL
Reeurban Listing Agent,"1049 S Hiwassee Rd #3416, Orlando, FL 32835",Not verified,Not publicly verified,Quick question on 1049 S Hiwassee Rd #3416,"Hola! Quick observation on 1049 S Hiwassee Rd #3416 ($147,000): Largest unit (2BD/2.5BA) at $147K vs 2BD/2BA $122-160K. Analytical question: Does the extra half-bath + sqft justify the $10-25K deltas? RSARBOS can investigate with unit-mix value per bath/sqft. 15-min RSARBOS dossier: https://www.rsarbos.com/mission-control -> VIEW SAMPLE DOSSIER. P.S. en español si útil. | +1 (619) 912-5747","1049 S Hiwassee Rd #3416, Orlando, FL 32835: Largest unit (2BD/2.5BA) at $147K vs 2BD/2BA $122-160K",PARTIAL
Smith & Associates Listing Agent,"3015 S Ysabella Ave #2401, Tampa, FL 33629",Not verified,Not publicly verified,Quick question on 3015 S Ysabella Ave #2401,"Hola! Quick observation on 3015 S Ysabella Ave #2401 ($2,950,000): One unit sold $1.41M; this lists at $2.95M — wide band. Analytical question: Is the $1.55M spread vs the last sale defensible on view/floor plans? RSARBOS can investigate with comparable dispersion (pending sales). 15-min RSARBOS dossier: https://www.rsarbos.com/mission-control -> VIEW SAMPLE DOSSIER. P.S. en español si útil. | +1 (619) 912-5747","3015 S Ysabella Ave #2401, Tampa, FL 33629: One unit sold $1.41M; this lists at $2.95M — wide band",PARTIAL
