ID,Prospect,Persona,Qualification,Opportunity,Property / Reference,Observed Signal,Analytical Question,Contact,WhatsApp Status,Outreach Ready,WhatsApp Outreach
PROSP01,Kenneth Nguyen — Compass,B,HIGH_RELEVANCE,HIGH,"44 Moon Dance, Milpitas, CA 95035 ($1,085,000)",Price cut 4.6% + rent/value cap gap (4.3% vs 5.0% market),44 Moon Dance listed $1.085M; 14.2% valuation/pricing gap vs comps+rent,+1 (408) 768-0348,⚠️ PHONE — WhatsApp not verified,YES*,"Quick observation on your 44 Moon Dance listing (3BD/2.5BA, 1,353 sqft, Parc Metro): listed $1,085K after a 4.6% cut (77 DOM); Zestimate $1,072K (1.2% below asking). The identical unit 845 Fire Walk rents for $4,197/mo. After $295/mo HOA, net = $46,824/yr - a 4.3% cap. At 5.0% market, income supports ~$937K. That's a 14.2% gap ($148K) below your asking. So telling a client 'cash flow works' is risky - HOA drag + rent realism erase the margin at list. 15-min RSARBOS dossier (comps + risk register): https://www.rsarbos.com/mission-control -> VIEW SAMPLE DOSSIER. | +1 (619) 912-5747"
PROSP02,Todd Montgomery — Compass,B,HIGH_RELEVANCE,HIGH,"720 Clementina St, San Francisco, CA 94103 ($3,788,000)",Luxury rent/value gap (2.6% gross cap vs 3.5% market = 26.2% gap),720 Clementina listed $3.788M; 26.2% rent/value gap on SOMA luxury,Not publicly verified,⚠️ PHONE — WhatsApp not verified,YES,"Quick observation on 720 Clementina (4BD/3.5BA, 4,250 sqft, SOMA): listed $3,788K ($891/sqft). Redfin rent $8,161/mo = $97,932/yr - a 2.6% gross cap on asking. At 3.5% market for SF luxury, income supports ~$2.8M. That's a 26.2% gap ($988K) above asking - rent doesn't justify the price. You're also at 22% above the SOMA median ($725/sqft) - rent-verification risk before you tell a buyer 'the numbers work.' 15-min RSARBOS dossier: https://www.rsarbos.com/mission-control -> VIEW SAMPLE DOSSIER. | +1 (619) 912-5747"
PROSP03,Stephen Schulman — Keller Williams Westside,B,HIGH_RELEVANCE,HIGH,"7807 Breen Ave, Los Angeles, CA 90045 ($1,649,000)","ADU value gap: 380 sqft ADU rents ~$2,200/mo = ~$377K at 7% cap, not reflected",7807 Breen ADU condo; $377K ADU value not in ask,Not publicly verified,⚠️ PHONE — WhatsApp not verified,YES,"Quick observation on 7807 Breen (4BD/3BA + 380 sqft ADU, Westchester): listed $1,649K ($1,013/sqft), 35 DOM vs LA's 28-day median; Zestimate $1,619K (1.9% below asking). The 380 sqft ADU rents ~$2,200/mo ($26,400/yr). At 7% cap that's ~$377K of ADU value - not reflected in the Zestimate-to-asking relationship. Either the listing under-represents $377K of ADU value, or the $1,649K ask is 1.9% high. Institutional underwriting resolves which. 15-min RSARBOS dossier: https://www.rsarbos.com/mission-control -> VIEW SAMPLE DOSSIER. | +1 (619) 912-5747"
PROSP04,Diana Patrick — Sotheby's International Realty,B,HIGH_RELEVANCE,HIGH,"3226 Brant St, San Diego, CA 92103 ($4,495,000)","Mills Act equity: $46,560/yr tax savings = ~$1.33M value; 17.3% gap vs comps",3226 Brant Mills Act; 17.3% equity gap via tax shield,Not publicly verified,⚠️ PHONE — WhatsApp not verified,YES,"Quick observation on 3226 Brant (5BD/4BA, 3,870 sqft, Bankers Hill, Mills Act): listed $4,495K ($1,161/sqft). Standard tax est. $4,383/mo; Mills Act cuts it to ~$503/mo - $46,560/yr saved. At 3.5% cap on the ask, that tax shield alone = ~$1.33M in value. Combined rent (~$138K/yr) + shield yields ~$184,560/yr -> ~$5.27M income-supported value - a 17.3% gap ($778K) below asking. The comps don't show the tax-incentive arbitrage your client is paying for. 15-min RSARBOS dossier: https://www.rsarbos.com/mission-control -> VIEW SAMPLE DOSSIER. | +1 (619) 912-5747"
PROSP05,Colleen Cotter — Coldwell Banker Realty,B,HIGH_RELEVANCE,HIGH,"33 Precita Ave, San Francisco, CA 94110 ($1,225,000)","Mixed-use upside: commercial rent ($7,400/mo) not in sqft comps; 17.3% gap",33 Precita mixed-use triplex; 17.3% gap via commercial rent,Not publicly verified,⚠️ PHONE — WhatsApp not verified,YES,"Quick observation on 33 Precita (4BD/2BA triplex, 3,720 sqft, Bernal Heights): listed $1,225K ($329/sqft) vs ~$650-700/sqft neighborhood. Two 2BD/1BA units + a ground-floor commercial space (long-term tenant) = ~$7,400/mo ($88,800/yr). At 6% cap for SF mixed-use, income supports ~$1.48M - a 17.3% gap ($255K) above asking. Neighborhood sqft comps don't reflect the commercial-income component. 15-min RSARBOS dossier: https://www.rsarbos.com/mission-control -> VIEW SAMPLE DOSSIER. | +1 (619) 912-5747"
PROSP06,James B. Hurley — Vanguard Group,E,HIGH_RELEVANCE,HIGH,"1138 Taylor St, San Francisco, CA 94108 ($4,950,000)",TIC rent/value gap: 2.75% cap vs 3.5% market = 21.8% gap ($1.08M),1138 Taylor 68% TIC; 21.8% rent/value gap,Not publicly verified,⚠️ PHONE — WhatsApp not verified,YES,"Quick observation on 1138 Taylor (5BD/5BA, 3,572 sqft, 68% TIC share, Nob Hill): listed $4,950K after a $45K cut (28 DOM); Zestimate $4,840K. Rent Zestimate $11,297/mo ($135,564/yr) = 2.75% cap on the 68% share. At 3.5% market for SF TIC, income supports ~$3.87M - a 21.8% gap ($1.08M) above asking. 68% share + 2.75% cap - rent doesn't justify the price before you tell a buyer 'the numbers work.' 15-min RSARBOS dossier: https://www.rsarbos.com/mission-control -> VIEW SAMPLE DOSSIER. | +1 (619) 912-5747"
PROSP07,Kenneth Nguyen — MLSListings / Compass,B,HIGH_RELEVANCE,HIGH,"1314 Shawn Dr #1, San Jose, CA 95118 ($470K acquire / $515K assessed)",Valuation gap: 9.57% buy-under ($470K acquire vs $515K assessed),1314 Shawn Dr #1 (95118) ground-floor condo; 9.57% buy-under vs assessed,+1 (408) 768-0348,⚠️ PHONE — WhatsApp not verified,YES*,"Hola Kenneth Nguyen! Quick observation on 1314 Shawn Dr #1, San Jose 95118 (ground-floor 1BD/1BA condo): $470K acquire vs $515K assessed = 9.57% buy-under equity. RSARBOS underwrite prices above market - comps, HOA, and rent ceiling support less than list. Your San Jose, CA 95118 ground-floor condos carry the same dynamics - 9.57% is the gap the comps don't show. 15-min RSARBOS dossier: https://www.rsarbos.com/mission-control -> VIEW SAMPLE DOSSIER. Best, Yael Axel / RSARBOS Founder / +1 (619) 912-5747"
PROSP08,Gary Gang Liu — MLSListings / Compass,B,HIGH_RELEVANCE,HIGH,"1314 Shawn Dr #1, San Jose, CA 95118 ($470K acquire / $515K assessed)",Valuation gap: 9.57% buy-under ($470K vs $515K assessed),1314 Shawn Dr #1 (95118) demo; 9.57% buy-under,+1 (408) 569-0363,⚠️ PHONE — WhatsApp not verified,YES*,"Hola Gary Gang Liu! Quick observation on 1314 Shawn Dr #1, San Jose 95118 (ground-floor 1BD/1BA condo): $470K acquire vs $515K assessed = 9.57% buy-under equity. RSARBOS underwrite prices above market - comps, HOA, and rent ceiling support less than list. Your San Jose, CA 95118 ground-floor condos carry the same dynamics - 9.57% is the gap the comps don't show. 15-min RSARBOS dossier: https://www.rsarbos.com/mission-control -> VIEW SAMPLE DOSSIER. Best, Yael Axel / RSARBOS Founder / +1 (619) 912-5747"
PROSP09,Leslie J Conte — MLSListings / Compass,B,HIGH_RELEVANCE,HIGH,"1314 Shawn Dr #1, San Jose, CA 95118 ($470K acquire / $515K assessed)",Valuation gap: 9.57% buy-under ($470K vs $515K assessed),1314 Shawn Dr #1 (95118) demo; 9.57% buy-under,+1 (408) 907-2222,⚠️ PHONE — WhatsApp not verified,YES*,"Hola Leslie J Conte! Quick observation on 1314 Shawn Dr #1, San Jose 95118 (ground-floor 1BD/1BA condo): $470K acquire vs $515K assessed = 9.57% buy-under equity. RSARBOS underwrite prices above market - comps, HOA, and rent ceiling support less than list. Your San Jose, CA 95118 ground-floor condos carry the same dynamics - 9.57% is the gap the comps don't show. 15-min RSARBOS dossier: https://www.rsarbos.com/mission-control -> VIEW SAMPLE DOSSIER. Best, Yael Axel / RSARBOS Founder / +1 (619) 912-5747"
PROSP10,Carol Jeans — MLSListings / Compass,B,HIGH_RELEVANCE,HIGH,"1314 Shawn Dr #1, San Jose, CA 95118 ($470K acquire / $515K assessed)",Valuation gap: 9.57% buy-under ($470K vs $515K assessed),1314 Shawn Dr #1 (95118) demo; 9.57% buy-under,+1 (408) 313-0067,⚠️ PHONE — WhatsApp not verified,YES*,"Hola Carol Jeans! Quick observation on 1314 Shawn Dr #1, San Jose 95118 (ground-floor 1BD/1BA condo): $470K acquire vs $515K assessed = 9.57% buy-under equity. RSARBOS underwrite prices above market - comps, HOA, and rent ceiling support less than list. Your San Jose, CA 95118 ground-floor condos carry the same dynamics - 9.57% is the gap the comps don't show. 15-min RSARBOS dossier: https://www.rsarbos.com/mission-control -> VIEW SAMPLE DOSSIER. Best, Yael Axel / RSARBOS Founder / +1 (619) 912-5747"
PROSP11,Helen Pastorino — MLSListings,B,HIGH_RELEVANCE,HIGH,"1314 Shawn Dr #1, San Jose, CA 95124 ($470K acquire / $515K assessed)",Valuation gap: 9.57% buy-under ($470K vs $515K assessed),1314 Shawn Dr #1 (95124) demo; 9.57% buy-under,+1 (408) 357-7770,⚠️ PHONE — WhatsApp not verified,YES*,"Hola Helen Pastorino! Quick observation on 1314 Shawn Dr #1, San Jose 95118 (ground-floor 1BD/1BA condo): $470K acquire vs $515K assessed = 9.57% buy-under equity. RSARBOS underwrite prices above market - comps, HOA, and rent ceiling support less than list. Your San Jose, CA 95124 ground-floor condos carry the same dynamics - 9.57% is the gap the comps don't show. 15-min RSARBOS dossier: https://www.rsarbos.com/mission-control -> VIEW SAMPLE DOSSIER. Best, Yael Axel / RSARBOS Founder / +1 (619) 912-5747"
PROSP12,Julie Wyss — MLSListings,B,HIGH_RELEVANCE,HIGH,"1314 Shawn Dr #1, San Jose, CA 95124 ($470K acquire / $515K assessed)",Valuation gap: 9.57% buy-under ($470K vs $515K assessed),1314 Shawn Dr #1 (95124) demo; 9.57% buy-under,+1 (408) 455-9646,⚠️ PHONE — WhatsApp not verified,YES*,"Hola Julie Wyss! Quick observation on 1314 Shawn Dr #1, San Jose 95118 (ground-floor 1BD/1BA condo): $470K acquire vs $515K assessed = 9.57% buy-under equity. RSARBOS underwrite prices above market - comps, HOA, and rent ceiling support less than list. Your San Jose, CA 95124 ground-floor condos carry the same dynamics - 9.57% is the gap the comps don't show. 15-min RSARBOS dossier: https://www.rsarbos.com/mission-control -> VIEW SAMPLE DOSSIER. Best, Yael Axel / RSARBOS Founder / +1 (619) 912-5747"
PROSP13,Laura Lynn — MLSListings,B,HIGH_RELEVANCE,HIGH,"1314 Shawn Dr #1, San Jose, CA 95124 ($470K acquire / $515K assessed)",Valuation gap: 9.57% buy-under ($470K vs $515K assessed),1314 Shawn Dr #1 (95124) demo; 9.57% buy-under,+1 (831) 479-4894,⚠️ PHONE — WhatsApp not verified,YES*,"Hola Laura Lynn! Quick observation on 1314 Shawn Dr #1, San Jose 95118 (ground-floor 1BD/1BA condo): $470K acquire vs $515K assessed = 9.57% buy-under equity. RSARBOS underwrite prices above market - comps, HOA, and rent ceiling support less than list. Your San Jose, CA 95124 ground-floor condos carry the same dynamics - 9.57% is the gap the comps don't show. 15-min RSARBOS dossier: https://www.rsarbos.com/mission-control -> VIEW SAMPLE DOSSIER. Best, Yael Axel / RSARBOS Founder / +1 (619) 912-5747"
PROSP14,Lisa Thompson — MLSListings,B,HIGH_RELEVANCE,HIGH,"1314 Shawn Dr #1, San Jose, CA 95124 ($470K acquire / $515K assessed)",Valuation gap: 9.57% buy-under ($470K vs $515K assessed),1314 Shawn Dr #1 (95124) demo; 9.57% buy-under,+1 (408) 373-6656,⚠️ PHONE — WhatsApp not verified,YES*,"Hola Lisa Thompson! Quick observation on 1314 Shawn Dr #1, San Jose 95118 (ground-floor 1BD/1BA condo): $470K acquire vs $515K assessed = 9.57% buy-under equity. RSARBOS underwrite prices above market - comps, HOA, and rent ceiling support less than list. Your San Jose, CA 95124 ground-floor condos carry the same dynamics - 9.57% is the gap the comps don't show. 15-min RSARBOS dossier: https://www.rsarbos.com/mission-control -> VIEW SAMPLE DOSSIER. Best, Yael Axel / RSARBOS Founder / +1 (619) 912-5747"
PROSP15,Lucy Wedemeyer — MLSListings,B,HIGH_RELEVANCE,HIGH,"1314 Shawn Dr #1, San Jose, CA 95124 ($470K acquire / $515K assessed)",Valuation gap: 9.57% buy-under ($470K vs $515K assessed),1314 Shawn Dr #1 (95124) demo; 9.57% buy-under,+1 (408) 891-6861,⚠️ PHONE — WhatsApp not verified,YES*,"Hola Lucy Wedemeyer! Quick observation on 1314 Shawn Dr #1, San Jose 95118 (ground-floor 1BD/1BA condo): $470K acquire vs $515K assessed = 9.57% buy-under equity. RSARBOS underwrite prices above market - comps, HOA, and rent ceiling support less than list. Your San Jose, CA 95124 ground-floor condos carry the same dynamics - 9.57% is the gap the comps don't show. 15-min RSARBOS dossier: https://www.rsarbos.com/mission-control -> VIEW SAMPLE DOSSIER. Best, Yael Axel / RSARBOS Founder / +1 (619) 912-5747"
PROSP16,Emilie Highley — MLSListings,B,HIGH_RELEVANCE,HIGH,"1314 Shawn Dr #1, San Jose, CA 95124 ($470K acquire / $515K assessed)",Valuation gap: 9.57% buy-under ($470K vs $515K assessed),1314 Shawn Dr #1 (95124) demo; 9.57% buy-under,+1 (408) 768-2565,⚠️ PHONE — WhatsApp not verified,YES*,"Hola Emilie Highley! Quick observation on 1314 Shawn Dr #1, San Jose 95118 (ground-floor 1BD/1BA condo): $470K acquire vs $515K assessed = 9.57% buy-under equity. RSARBOS underwrite prices above market - comps, HOA, and rent ceiling support less than list. Your San Jose, CA 95124 ground-floor condos carry the same dynamics - 9.57% is the gap the comps don't show. 15-min RSARBOS dossier: https://www.rsarbos.com/mission-control -> VIEW SAMPLE DOSSIER. Best, Yael Axel / RSARBOS Founder / +1 (619) 912-5747"
PHX-P01,Brian Horton — Mainstay Brokerage,B,HIGH_RELEVANCE,HIGH,"7301 W Heatherbrae Dr, 85033 — $275K","Listed at $325,310; price reduced ~15.5%; 47 DOM; ~$241/sqft",Does the current price represent a genuine value opportunity after adjusting for condition and nearby comps?,(623) 738-1456,⚠️ PHONE — WhatsApp not verified,REVIEW,"Hi Brian — I came across 7301 W Heatherbrae and noticed the roughly 15.5% price reduction after 47 days. The current ~$241/sqft caught my attention because the interesting question isn't simply whether it's cheaper — it's whether the current price still leaves a defensible spread after adjusting for condition and nearby comps. That's the type of property question I work through with RSARBOS. If useful, I can show you the analysis on this one."
PHX-P02,Jacob Kelso — Realty ONE Group,B,HIGH_RELEVANCE,HIGH,"926 W Cocopah St, 85007 — $270K",~165 DOM; back on market; $300K → $250K → +8%; two parcels (926 + 922),Does the second parcel materially change the property's highest-and-best-use/value picture?,(480) 298-9045,⚠️ PHONE — WhatsApp not verified,YES*,"Jacob — I came across 926 W Cocopah while looking at Phoenix properties with unusual price movement. The ~165 days, back-on-market history, and the two-parcel configuration caught my attention. The interesting question to me isn't simply whether it's cheap — it's whether the second parcel changes the property's highest-and-best-use picture. That's the type of property question we use RSARBOS to pressure-test. If useful, I can show you what that analysis looks like on this one."
PHX-P03,Michael Esquer — No Stress Properties,B,QUALIFIED,MEDIUM/HIGH,"3647 W Rose Ln, 85019 — $429,500","Handyman special; ~$233/sqft; prior observed asking $349,900 (11/2025) vs $429,500 (9/2026); appears priced at/above renovated comps",Is the current asking price supported by the renovated-comp evidence given the property's condition?,(602) 405-9298,⚠️ PHONE — WhatsApp not verified,REVIEW,"Michael — I was looking at 3647 W Rose Ln and noticed the current $429.5K ask versus the roughly $349.9K asking price I found previously. Given that the property is being presented as a handyman special, the interesting question is how the current basis compares with renovated comps after accounting for the work required. That's something I can pressure-test through RSARBOS if useful."
PHX-P04,Gabriel Galindo — eXp / The Luna Team,B,QUALIFIED,HIGH,"6430 W Van Buren #10, 85043 — $30K","Manufactured fixer reduced $45K → $30K, ~33% reduction; agent/contact corroborated",Does the reduced basis create a viable value proposition after rehab and comparable-property analysis?,(602) 621-1006,⚠️ PHONE — WhatsApp not verified,YES*,Gabriel — I came across 6430 W Van Buren #10 and noticed the price move from $45K to $30K. A 33% reduction on a manufactured fixer makes the interesting question less about the headline discount and more about what the property is actually worth after the required work. I work on that kind of property-level analysis through RSARBOS. Happy to show you what I mean on this one if useful.
PHX-P05,Holly Ann Rippy — HomeSmart Elite,B,POSSIBLE,MEDIUM,"22221 N 31st Dr U2, 85027 — $369,900",Fixer townhouse with pool; REO background; listing last observed 11/2025,"Is there still a current opportunity, or is the listing stale/outdated?",(480) 540-1294 / holly@azvalleyrealtor.com,⚠️ PHONE — WhatsApp not verified,NO — REVIEW,
PHX-F01,Laura Boyajian — HomeSmart Elite,B,HIGH_RELEVANCE,HIGH,1637 E Roma Ave — sold 3/30/26,Demonstrated fixer/flipper specialization; property marketed with profit-margin language; closed at $345K after being marketed up to $425K,"What did the actual transaction demonstrate about the spread between marketed value, acquisition basis, and post-work potential?",(602) 400-0008 / HistoricCentralPhoenix@cox.net,⚠️ PHONE — WhatsApp not verified,YES*,"Laura — I came across the Roma Ave transaction while looking at Phoenix fixer activity. The progression around that property caught my attention, especially the gap between the marketed price and the eventual $345K closing. Since you work heavily around historic/fixer properties, I thought the underwriting side might be relevant. RSARBOS is built to make that kind of valuation and property evidence traceable rather than relying on a single comp or headline number. If you're open to it, I can show you a sample."
PHX-F02,Doug Hopkins — Doug Hopkins Real Estate,A,QUALIFIED,HIGH,Arizona-wide acquisition operation,"Publicly described as a cash buyer with 20,000+ career transactions and foreclosure specialization","Where can faster, more defensible property-level screening create value across a large acquisition pipeline?",(602) 567-1505,⚠️ PHONE — WhatsApp not verified,YES*,"Doug — I was looking at your acquisition operation and the scale of your transaction history caught my attention. With that volume, I imagine the useful question isn't finding another source of listings but quickly deciding which properties deserve deeper underwriting. That's where we're applying RSARBOS — turning the property data into a traceable underwriting dossier rather than another raw lead. If useful, I can show you the workflow on a Phoenix property."
PHX-F03,Paul Mosley — Epique Realty,B,QUALIFIED,HIGH,Active listings incl. 2232 E Mitchell Dr,Own listing reportedly cut $50K; Phoenix identified in cited coverage as having significant price reductions,How should a seller/investor interpret current price reductions against actual local comparable evidence?,(480) 475-9525 / paulmosley@epique.me,⚠️ PHONE — WhatsApp not verified,YES*,"Paul — I came across your Mitchell Dr listing while looking at Phoenix properties experiencing price movement. The $50K reduction caught my attention because the useful question isn't just why the price changed — it's where the property now sits against the actual comparable evidence. That's the kind of question we're building RSARBOS around: making the underwriting trail explicit and defensible. If useful, I can show you a sample analysis."
PHX-F04,Matt Turner — Property Hub LLC,D,HIGH_RELEVANCE,HIGH,Phoenix wholesale operation,COO of wholesale brokerage; public material references SOW/ARV/comp support; investor/flipper/wholesaler positioning,"Could more defensible ARV, scope, and comp evidence improve how wholesale deals are presented to buyers?",253-878-2286 / matt@propertyhubaz.com,⚠️ PHONE — WhatsApp not verified,REVIEW — AFFILIATION,"Matt — I came across Property Hub while looking at Phoenix operators working directly with investors and flippers. The emphasis on SOW, ARV and comps caught my attention because that's very close to the problem we're attacking with RSARBOS: turning those assumptions into a traceable property dossier that a buyer can actually inspect. I noticed some affiliation information that I'd want to verify first, but if Property Hub is still the right operation, I'd be interested in showing you the workflow."
PHX-F05,Jacob Chapman — Realty85,B,HIGH_RELEVANCE,HIGH,2912 E Monroe St — sold 7/10/26,"Fixer listed $220K → withdrawn → remodeled/relisted $329,900 → sold $330K",What evidence and economics supported the transformation from fixer to remodeled resale?,(602) 502-3008,⚠️ PHONE — WhatsApp not verified,YES*,"Jacob — I came across 2912 E Monroe and the transaction history caught my attention: roughly $220K as a fixer, then a remodeled relist around $329.9K, ultimately selling at $330K. That's a particularly interesting real-world example of the exact property transformation questions we're trying to make more measurable with RSARBOS. I'd be curious whether you'd find a property-level breakdown of that type useful."
